Codice;Modello,;Costruttore
4006946205;REC370AA;REC Alpha
4006946286;REC370AA;REC Alpha
4006946419;REC370AA;REC Alpha
4006946403;REC370AA;REC Alpha
4006946360;REC370AA;REC Alpha
4006946404;REC370AA;REC Alpha
4006946202;REC370AA;REC Alpha
4006946079;REC370AA;REC Alpha
4006946246;REC370AA;REC Alpha
4006946230;REC370AA;REC Alpha
4006946045;REC370AA;REC Alpha
4006946228;REC370AA;REC Alpha
4006945940;REC370AA;REC Alpha
4006946192;REC370AA;REC Alpha
4006946274;REC370AA;REC Alpha
4006946267;REC370AA;REC Alpha
4006946270;REC370AA;REC Alpha
4006946190;REC370AA;REC Alpha
4006946234;REC370AA;REC Alpha
4006946217;REC370AA;REC Alpha
4006946187;REC370AA;REC Alpha
4006946084;REC370AA;REC Alpha
4006946244;REC370AA;REC Alpha
4006928394;REC370AA;REC Alpha
4006946087;REC370AA;REC Alpha
4006946069;REC370AA;REC Alpha
4006946101;REC370AA;REC Alpha
4006946102;REC370AA;REC Alpha
4006946213;REC370AA;REC Alpha
4006946271;REC370AA;REC Alpha
4006946266;REC370AA;REC Alpha
4006946063;REC370AA;REC Alpha
4006946094;REC370AA;REC Alpha
4006928367;REC370AA;REC Alpha
4006928365;REC370AA;REC Alpha
4006928369;REC370AA;REC Alpha
4006928381;REC370AA;REC Alpha
4006928380;REC370AA;REC Alpha
4006928382;REC370AA;REC Alpha
4006928361;REC370AA;REC Alpha
4006928372;REC370AA;REC Alpha
4006928354;REC370AA;REC Alpha
4006928356;REC370AA;REC Alpha
4006928366;REC370AA;REC Alpha
4006928353;REC370AA;REC Alpha
4006928377;REC370AA;REC Alpha
4006928478;REC370AA;REC Alpha
4006928385;REC370AA;REC Alpha
4006928411;REC370AA;REC Alpha
4006945928;REC370AA;REC Alpha
4006946134;REC370AA;REC Alpha
4006924137;REC370AA;REC Alpha
4006924459;REC370AA;REC Alpha
4006924532;REC370AA;REC Alpha
4006924556;REC370AA;REC Alpha
4006924534;REC370AA;REC Alpha
4006924858;REC370AA;REC Alpha
4006924851;REC370AA;REC Alpha
4006925002;REC370AA;REC Alpha
4006924986;REC370AA;REC Alpha
4006946098;REC370AA;REC Alpha
4006946091;REC370AA;REC Alpha
4006946232;REC370AA;REC Alpha
4006946241;REC370AA;REC Alpha
4006946058;REC370AA;REC Alpha
4006945927;REC370AA;REC Alpha
4006952477;REC370AA;REC Alpha
4006952500;REC370AA;REC Alpha
4006952552;REC370AA;REC Alpha
4006952438;REC370AA;REC Alpha
4006952393;REC370AA;REC Alpha
4006952439;REC370AA;REC Alpha
4006952465;REC370AA;REC Alpha
4006952381;REC370AA;REC Alpha
4006952594;REC370AA;REC Alpha
4006952607;REC370AA;REC Alpha
4006952441;REC370AA;REC Alpha
4006952503;REC370AA;REC Alpha
4006952447;REC370AA;REC Alpha
4006952377;REC370AA;REC Alpha
4006952450;REC370AA;REC Alpha
4006952372;REC370AA;REC Alpha
4006952360;REC370AA;REC Alpha
4006952457;REC370AA;REC Alpha
4006952348;REC370AA;REC Alpha
4006952419;REC370AA;REC Alpha
4006952366;REC370AA;REC Alpha
4006952388;REC370AA;REC Alpha
4006952390;REC370AA;REC Alpha
4006952385;REC370AA;REC Alpha
4006952413;REC370AA;REC Alpha
4006952382;REC370AA;REC Alpha
4006952384;REC370AA;REC Alpha
4006952414;REC370AA;REC Alpha
4006952400;REC370AA;REC Alpha
4006952423;REC370AA;REC Alpha
4006952407;REC370AA;REC Alpha
4006952410;REC370AA;REC Alpha
4006952497;REC370AA;REC Alpha
4006952358;REC370AA;REC Alpha
4006952354;REC370AA;REC Alpha
4006952401;REC370AA;REC Alpha
4006952369;REC370AA;REC Alpha
4006952389;REC370AA;REC Alpha
